[
  {
    "id": "15",
    "imageUrl": "img/space/0.jpeg",
    "price": "$14.95",
    "inStock": true,
    "category": "Space",
    "attribution": "http://www.flickr.com/photos/gsfc/8804537584/"
  },
  {
    "id": "22",
    "imageUrl": "img/space/1.jpeg",
    "price": "$12.95",
    "inStock": true,
    "category": "Space",
    "attribution": "http://www.flickr.com/photos/madmiked/5683305671/"
  },
  {
    "id": "73",
    "imageUrl": "img/space/2.jpeg",
    "price": "$8.95",
    "inStock": false,
    "category": "Space",
    "attribution": "http://www.flickr.com/photos/badastronomy/6276076479/"
  },
  {
    "id": "84",
    "imageUrl": "img/space/3.jpeg",
    "price": "$18.95",
    "inStock": true,
    "category": "Space",
    "attribution": "http://www.flickr.com/photos/jaredsmith/176375861/"
  },
  {
    "id": "50",
    "imageUrl": "img/space/4.jpeg",
    "price": "$4.50",
    "inStock": true,
    "category": "Space",
    "attribution": "http://www.flickr.com/photos/esoastronomy/6923441491/"
  },
  {
    "id": "16",
    "imageUrl": "img/space/5.jpeg",
    "price": "$12.95",
    "inStock": true,
    "category": "Space",
    "attribution": "http://www.flickr.com/photos/jurvetson/1050733503/"
  },
  {
    "id": "79",
    "imageUrl": "img/space/6.jpeg",
    "price": "$14.95",
    "inStock": true,
    "category": "Space",
    "attribution": "http://www.flickr.com/photos/atbaker/3967328897/"
  },
  {
    "id": "78",
    "imageUrl": "img/space/7.jpeg",
    "price": "$8.95",
    "inStock": false,
    "category": "Space",
    "attribution": "http://www.flickr.com/photos/fastlizard4/8656523533/"
  },
  {
    "id": "49",
    "imageUrl": "img/space/8.jpeg",
    "price": "$12.95",
    "inStock": true,
    "category": "Space",
    "attribution": "http://www.flickr.com/photos/oewf/2924217723/"
  },
  {
    "id": "30",
    "imageUrl": "img/space/9.jpeg",
    "price": "$18.95",
    "inStock": true,
    "category": "Space",
    "attribution": "http://www.flickr.com/photos/soldiersmediacenter/1873662527/"
  },
  {
    "id": "32",
    "imageUrl": "img/space/10.jpeg",
    "price": "$4.50",
    "inStock": true,
    "category": "Space",
    "attribution": "http://www.flickr.com/photos/53416677@N08/4973516534/"
  },
  {
    "id": "13",
    "imageUrl": "img/space/11.jpeg",
    "price": "$12.95",
    "inStock": true,
    "category": "Space",
    "attribution": "http://www.flickr.com/photos/53370644@N06/4976543800/"
  }
]